product_id,product_name,product_catgory,price
RAMY4ARGVTY,Corsair Vengeance LPX 16 GB,Computers,80.89
RAMMHB4W78K,Kingston HyperX Fury 16 GB,Computers,124.84
RAM0L6LFCF8,Silicon Power Gaming 16 GB,Computers,89.45
RAM8VUIX34J,G.Skill Trident Z RGB 16 GB,Computers,101.12
RAM6WG4DROB,Corsair Vengeance RGB Pro 32 GB,Computers,315.12
RAM40BJN4IK,Team T-Force Delta RGB 16 GB,Computers,94.60
RAM8FX067SC,ADATA XPG Z1 16 GB,Computers,79.99
RAMRLNJNHDE,G.Skill Ripjaws V Series 32 GB,Computers,256.78
CPUS1J7CCPT,Ryzen 5 3600,Computers,452.26
CPULTO315GG,Intel Core i9-12900K,Computers,599.99
CPU484O8TPI,AMD Ryzen 5 5600G,Computers,499.99
CPU6JIV49A1,Intel Core i7-12700K,Computers,399.99
CPUYBXANPT9,AMD Ryzen 7 3700X,Computers,256.88
CPU9MO00GMB,AMD Threadripper 3990X,Computers,475.55
CPUK2PHTI4P,Intel Core i5-11600K,Computers,169.78
CPUCY4ALY2D,Intel Core i9-10900K,Computers,375.99
CPUKB0LM1KY,Intel Core i7-10700F,Computers,325.45
CPUPZQG4AIF,Intel Core i9-9900K,Computers,413.69
CPUKD5UVHUI,AMD Athlon 200GE,Computers,99.89
CPUUNJO79P8,AMD Ryzen 9 5900X,Computers,210.15
GPURN728DOQ,GeForce RTX 3070 Ti,Computers,1899.99
GPUYLW9K95G,GeForce RTX 3060 Ti,Computers,1299.99
GPU7WCEJM30,GeForce RTX 3060,Computers,999.99
GPUA80MKRG5,GeForce RTX 3080 10GB,Computers,2599.99
GPUGBDKJ8BS,Radeon RX 6600,Computers,1100.99
GPUH784LJXA,GeForce RTX 3090,Computers,3299.99
GPUCD0LA16S,GeForce GTX 1660,Computers,750.48
GPUU6OWMKTP,Radeon RX 6500 XT,Computers,880.89
GPUWVSQ7SCP,GeForce RTX 3050 8GB,Computers,1578.99
GPUF0WEL4S1,GeForce GTX 1650 SUPER,Computers,789.99
GPUC34MXVOC,Radeon RX 6900 XT,Computers,999.99
GPUNIAZ08NP,Radeon HD 5450,Computers,540.78
GPUNV2W1YNF,GeForce GTX 1650 G6,Computers,680.98
HPESDFAS2KJL,HP Elitedesk 800,Computers,620.00
HPSWJ;LKJ;JL12,HP SnowWhite,Computers,699.99
HPAIOJLKJLK111,HP All-in-one Desktop,Computers,750.00
HPESDFAS2KJL,HP Envy All-in-One 32,Computers,800.00
LENP620LASJKK,Lenova ThinkStation P620,Computers,987.00
HPPAV123KJNVJF,HP Pavillion Gaming Desktop,Computers,678.90
HPO30LAJLKJLKJV,HP Omen 30L,Computers,899.00
DELLXPSJLKJLKJF,Dell XPS 8940 ,Computers,770.00
DELLRPSLJKLKJLK,Dell RPS 1032,Computers,860.00
LENL3070XLJKLJLK9,Lenovo RTX 3070 ,Computers,877.00
CYBERSSD9000008A,Cyberpower SSD 1000,Computers,1020.00
CYBER2000IIIEEEEEE,Cyberpower SSD 2000,Computers,1000.00
ACER890UOIUOUOIU,Acer Chromebox ,Computers,995.00
ACER890UOIUOU,Acer Celeron ,Computers,750.00
LENRTX89KDKG,Lenovo RTX 3070 ,Computers,459.00
HP800MINIJKLL,HP 800 Mini Desktop,Computers,670.00
MCLU89W9OP,Champion Hoodie,Clothing,59.21
MCLY4ARGVTY,Hanes Pullover Sweatshirt,Clothing,112.50
MCLMHB4W78K,Jogger Fleece Pants,Clothing,2.29
MCL0L6LFCF8,EcoSmart Sweatshirt,Clothing,76.94
MCL8VUIX34J,Levi Jeans,Clothing,49.25
MCL6WG4DROB,Fruit of the Loom Sweatpants,Clothing,106.42
MCL40BJN4IK,Gucci Hat,Clothing,110.48
MCL8FX067SC,Nike Hoodie,Clothing,6.85
MCLRLNJNHDE,Slouchy Beanie Hat,Clothing,106.40
MCLU25W9OU,Umbro Mens Shorts,Clothing,16.38
MCLA50RGVTY,Adidas Track Suit,Clothing,22.84
MCLNHA4B7K,Gildan Mesh Shorts,Clothing,52.61
MCLIM1LFCF8,Bro Dude Tank Top,Clothing,43.39
MCL9NAIXZ2J,Yankees Baseball Cap,Clothing,9.71
MCJ6KGLD8OB,Champion Sweatpants,Clothing,78.58
MCL90AVN4NK,Puma Liga Shorts,Clothing,79.81
MCLGFX867SC,Puma Pull-over Hoodie,Clothing,48.17
MCLKLV24HDE,Small Blue Speedo,Clothing,58.21
MCLA29W9IP,Fila Sherpa Jacket,Clothing,79.86
MCLY4KRGVTJ,Under Armour Fleece Hoodie,Clothing,94.22
MCLUHJ49I8K,Under Armour Track Pants,Clothing,46.54
MCL0F6HFCF9,Carhartt Tactical Pants,Clothing,92.07
MCL8DUN28PJ,Carhartt Beanie,Clothing,38.91
MCLWY4BR0A,Carhartt Jeans,Clothing,38.58
MCL80BKNGIH,True Religion Jeans,Clothing,144.34
WCLS1J7CCPT,Knitted Blouse,Clothing,44.22
WCLLTO315GG,Hanes Stretch Fit Top,Clothing,36.88
WCL484O8TPI,Tommy Hilfiger Tank Top,Clothing,40.32
WCL6JIV49A1,Beninos Formal Work Top,Clothing,72.70
WCLYBXANPT9,Blencot Button Down V Neck,Clothing,71.15
WCL9MO00GMB,Levis Flannel Button Down,Clothing,96.53
WCLK2PHTI4P,Lilly Pulizters Marvelle Top,Clothing,4.92
WCLCY4ALY2D,Off-Shoulder Knit Top,Clothing,100.12
WCLKB0LM1KY,Fawn Top,Clothing,19.92
WCLA1J2CCPH,Dokotoo Patchwork Jeans,Clothing,69.26
WCLYT2475AG,Lulu Lemon Joggers,Clothing,12.60
WCLAO2L8TPK,Lulu Lemon Compression Shirt,Clothing,90.18
WCL6JFK42A6,Haomeili Long Sleeve Dress,Clothing,49.80
WCLFNXANMT2,Champion Running Shorts,Clothing,51.73
WCLGMO0G9B,Gucci Dress,Clothing,24.52
WCLK6AHGI4M,Ekouaer Swimsuit,Clothing,80.03
WCLFY1AZYX1,MIHOLL V Neck Short Sleeve Dress,Clothing,96.17
WCLQB0LK7KY,Baleaf Love Sleeve Shirt,Clothing,41.85
WCLG6J7FCPT,Zeagoo Faux Fur Trench Coat,Clothing,96.52
WCLLTQ915FG,Beach Sun Straw Hat,Clothing,72.64
WCL3J4P8TVI,Kate Kasin High Waist Swing Skirt,Clothing,26.87
WCLXJ5V41AW,Coach Handbag,Clothing,343.64
WCLH0XJNPT4,Michael Kors Handbag,Clothing,110.42
WCL9MOH0GKL,Louis Vuitton Handbag,Clothing,226.52
WCLA4PXTI4J,Mitilly Summer Dress,Clothing,25.47
HMEU89W9OP,Black & Decker Electric Drill,Home & Garden,208.87
HMEY4ARGVTY,TIKI Smoke Fire Pit,Home & Garden,306.52
HMEMHB4W78K,Utopia Pantry Organizers,Home & Garden,675.00
HME0L6LFCF8,LED String Lights,Home & Garden,281.20
HME8VUIX34J,Jackery Portable Power Station,Home & Garden,476.06
HME6WG4DROB,Hoover Vaccum,Home & Garden,329.03
HME40BJN4IK,Craftsman Air Compressor,Home & Garden,624.86
HME8FX067SC,Dewalt Orbital Sander,Home & Garden,351.01
HMERLNJNHDE,Bissell Crosswave Pet Pro Vaccum,Home & Garden,506.27
HMES1J7CCPT,AVID Power Hand Drill,Home & Garden,470.39
HMELTO315GG,Shoe Organizer Boxes,Home & Garden,688.56
HME484O8TPI,IKEA L Desk,Home & Garden,108.36
HME6JIV49A1,Sit and Stand Electronic Desk,Home & Garden,208.40
HMEYBXANPT9,Dupuley Farmhouse Ceiling Fan,Home & Garden,245.83
HME9MO00GMB,Echo Glow Smart Lamp,Home & Garden,325.96
HMEK2PHTI4P,3 Way Touch Control Lamp,Home & Garden,692.05
HMECY4ALY2D,Little Giant 17ft Ladder,Home & Garden,411.08
HMEKB0LM1KY,HB Tower 4 Step Ladder,Home & Garden,299.90
HME059WJOF,Black & Decker Phillips Screwdriver,Home & Garden,30.75
HMEY4HHRGVT7,Black & Decker Flat Screwdriver,Home & Garden,29.99
HMEMGB7U78K,Dewalt Measuring Tape,Home & Garden,12.75
HME0L6LOCNB,Craftsman 14 in Vertical Band Saw,Home & Garden,30.98
HME8V7I534J,Craftsman 8 in Vertical Band Saw,Home & Garden,40.44
HME65G4DIO1,4-Light Nickel Traditional Vanity Light,Home & Garden,90.99
HMEYZAJ4IJ,Melbourne 3-Light Black Transitional Vanity Light,Home & Garden,100.10
HME8YG067SY,2-Light 13-in Satin Nickel Flush Mount Light,Home & Garden,50.99
HME0LNJ3HDE,Pheobe-Light 60-in Black Flush Mount Light,Home & Garden,62.35
HMEZ1J7CZPT,Bosch Core18V 4 Amp-Hour Lithium Power Tool Battery Kit,Home & Garden,80.25
HMELUO315GU,20-Volt Max 6-1/2-in Cordless Circular Saw,Home & Garden,25.10
HME484O8ZPI,20-volt Max Variable Speed Cordless Reciprocating Saw,Home & Garden,50.99
HME62IVK9A1,Alpine Corporation 47-in H x 13-in W Gray Garden Statue,Home & Garden,59.99
HMEYBXZHNPTY,Sunjoy Sunjoy Bronze Color Cast Crane Set,Home & Garden,11.99
HME9MZY00GB,16-in H x 10.38-in W Gnome Garden Statue,Home & Garden,16.73
HMEK24HQI4V,100-ft x 48-in Orange Contractor Sand/Snow Fence,Home & Garden,45.25
HMEWYXALY4H,18.5in H x 24.6in W Brent Wood Garden Border,Home & Garden,31.69
HMEWB0LR1K8,24-ft 12-Light Plug White Outdoor LED Edison String Lights,Home & Garden,35.29
HMEZ1J7CZPT,48-ft 24-Light Glass Plug White Indoor/Outdoor LED Edison String Lights,Home & Garden,37.99
HMELUO315GU,20-ft L x 13-ft W Black PVC Pond Liner (1600-Gallon),Home & Garden,92.25
HME484O8ZPI,Low Water Shut-off 300-GPH Submersible Fountain Pump,Home & Garden,80.99
HME62IVK9A1,Backyard Expression Elevated Plant Bed ,Home & Garden,107.88
HMEYBXZHNZZC,Aquagarden All-in-One Kit 192-GPH Submersible Pond Pump,Home & Garden,250.55
HME9RQY00GB,24-in W x 48-in L x 31-in H Natural Cedar Raised Garden Bed,Home & Garden,59.99
HMEW2QZJHQI4,48-in W x 96-in L x 11-in H Brown Raised Garden Bed,Home & Garden,65.05
HMEW56ALY4L,PRIBCO Artificial Boxwood Panels,Home & Garden,12.12
HMEWBRLT1E8,35.75-in W x 6.6-in H Black Plastic Window Box,Home & Garden,16.95
HME8VVI5V4J,Keter Garden Bed,Home & Garden,12.99
HME6JG4DGO1,American Home 3-tier Garden Planter,Home & Garden,54.99
HMEYZ7J47J,39.96-in W x 12-in H Carbonize Wood Window Box,Home & Garden,25.10
HME8YBB67SW,6.02-in W x 5.31-in H Grey Ceramic Orchid Basket,Home & Garden,66.90
HME0LN3IHDE,23.75-in W x 6-in H Black Plastic Window Box,Home & Garden,21.85
GCYU89W9OP,Bounty Quick-Size Paper Towels,Grocery,10.51
GCYY4ARGVTY,Welch's Fruit Snacks,Grocery,6.06
GCYMHB4W78K,FIJI Natural Water,Grocery,9.48
GCY0L6LFCF8,Lyson Laundry Sanitizer,Grocery,14.84
GCY8VUIX34J,Pepperidge Farm Goldfish,Grocery,21.75
GCY6WG4DROB,The Original Donut Shop Coffee,Grocery,5.45
GCY40BJN4IK,GoMacro MacroBars,Grocery,20.36
GCY8FX067SC,Monster Energy Drinks,Grocery,5.52
GCYRLNJNHDE,Redbull,Grocery,9.62
GCYS1J7CCPT,Maruchan Ramen Chicken,Grocery,20.71
GCYLTO315GG,McCafe Coffee Cups,Grocery,21.94
GCY484O8TPI,JiF Creamy Peanut Butter,Grocery,20.06
GCY6JIV49A1,Frito-Lay Ultimate Snack Pack,Grocery,9.31
GCYYBXANPT9,Lazza Super Crema Whole Bean Coffee,Grocery,6.30
GCY9MO00GMB,Dawn Dish Soap Ultra,Grocery,8.97
GCYK2PHTI4P,1 lb Fiji Apples,Grocery,6.33
GCYCY4ALY2D,Quest Nutrition Bars,Grocery,25.48
GCYKB0LM1KY,1 Liter Coca-Cola,Grocery,6.23
GCYA82I9OK,Lays Barbeque Chips,Grocery,27.57
GCYFXA5GVTY,Lays Sour Cream and Onion Chips,Grocery,39.57
GCYHB427HK,Lays Cheddar Chips,Grocery,32.96
GCYBP776CF8,Frito Scoops,Grocery,16.43
GCY4VXIX34H,Starbucks Coffee Beans,Grocery,26.09
GCYR5G4VR0A,Phils Coffee Coffee Beans,Grocery,39.65
GCY556JN4RK,Hostess Twinkies,Grocery,11.34
GCY8W60F7SG,Hostess Ding Dongs,Grocery,28.92
GCYAB261HPE,Hostess Snowballs,Grocery,37.76
GCYOAJ72C8T,Fruit Gushers,Grocery,32.11
GCYL5O315UA,Fruit Roll Ups,Grocery,21.84
GCY4PO2TPK,Iceberg Lettuce,Grocery,12.24
GCY62XV4FA2,1 lb Red Onions,Grocery,35.07
GCYP2AAPT1,1 lb White Onions,Grocery,28.96
GCYEMP0HGB,10-lb Quinoa ,Grocery,37.43
GCYT2PHYBB,10-lb Premium Brown Rice,Grocery,17.99
GCYAYTA8Y1D,Gerber Baby Formula,Grocery,26.41
GCYXP0L5YKJ,Enfamil Infant Formula,Grocery,22.96
GCYU8XI90F,Gerber Organic Kale Cereals,Grocery,14.68
GCY12VRBVE,Pototo Medley,Grocery,27.08
GCYAFBI2P8,Organic banana break mix ,Grocery,21.83
GCY1LZLXC18,Haas Avocados 10-lb,Grocery,23.30
GCY5VZIX84J,Carrington Chia Seed Blend,Grocery,18.04
GCYIWT4DR0P,Natierra Organize freeze-dried mango,Grocery,20.22
GCY30BYNO6K,365 Whole Foods Organize Snap Peas,Grocery,10.48
GCYN1X027SK,Happy Baby Organic Infant Milk Powder,Grocery,33.31
GCYNLNRN25E,Freshproduce Protein Bars,Grocery,36.62
GCYSG87C2PT,Bluapple fruit bars ,Grocery,25.73
GCYLKO3254G,Quest Nutrition Bars,Grocery,24.18
GCY4S4I9TPX,Think Protein Bars,Grocery,38.52
GCY6JHV42AY,Kirkland Signature Protein Bars,Grocery,8.11
GCYZBGANHT1,Powercrunch bars,Grocery,22.95
SPTU89W9OP,Zebco Fishing Pole,Sports,144.27
SPTY4ARGVTY,Wilson Basketball,Sports,38.22
SPTMHB4W78K,Tangle-Free Jump Rope,Sports,12.45
SPT0L6LFCF8,Bowflex Kettlebell,Sports,19.91
SPT8VUIX34J,KETTLE GRYP Dumbell,Sports,28.57
SPT6WG4DROB,Wilson Football,Sports,20.12
SPT40BJN4IK,Lifetime Basketball Hoop,Sports,326.49
SPT8FX067SC,OutdoorMaster Ski Helmet,Sports,136.20
SPTRLNJNHDE,WAKA Official Kickball,Sports,27.12
SPTS1J7CCPT,Sunny Health Rowing Machine,Sports,82.72
SPTLTO315GG,GoSports Bocce Ball Set,Sports,39.14
SPT484O8TPI,SKLZ Indoor Putting Green,Sports,108.08
SPT6JIV49A1,Coleman 1 Gallon Jug,Sports,29.72
SPTYBXANPT9,Trideer Yoga Strap,Sports,20.61
SPT9MO00GMB,Himal Corn Hole,Sports,58.78
SPTK2PHTI4P,Coleman 60 Quart Cooler,Sports,17.22
SPTCY4ALY2D,Pickleball Paddle,Sports,36.74
SPTKB0LM1KY,Stamina Trampoline,Sports,117.74
SPTU81W2OG,Lifetime Dumbell Set,Sports,74.21
SPTA44RGXTZ,Spalding Basketball,Sports,147.23
SPTN7BAW18Y,Nike Football,Sports,119.53
SPT0X6LACF4,Spikeball Set,Sports,48.48
SPT5VXIZ34F,Spalding Volleyball,Sports,90.86
SPT6YG2DR0I,Volleyball Kit,Sports,131.60
SPTP01BN4IT,Tennis Racket,Sports,82.05
SPTUFK26XSA,Dunlop Tennis Balls,Sports,68.30
SPTR6N2N7DS,Prince Tennis Balls,Sports,130.04
SPT21K7CXPH,Champion Boxing Gloves,Sports,89.69
SPTXKO715GY,Champion Boxing Bag,Sports,14.28
SPT4L4OKTPG,Lifetime Boxing Bag,Sports,91.75
SPTA2IG49AO,All-in-one home gymsets,Sports,105.76
SPTNBVA4P19,Superpower Inverter ,Sports,99.60
SPTDM4P0G3B,Perfect Fitness Home Gym,Sports,79.18
SPTK2PDT24I,Loseweightnow treadmill,Sports,42.50
SPTJY4ALY2O,KIW Exercise Set,Sports,126.99
SPTPBML41K2,Multi-Gym Pull Up Bar,Sports,46.50
SPTX89W21L,Portable Gym Set ,Sports,68.21
SPTY4AJG41N,Elite Push-up sets,Sports,50.54
SPTVH24WT8W,Zicjet dumbbell sets,Sports,52.14
SPTYL6MF1F2,Sunny rowing machine,Sports,130.35
SPTRVEIZ31U,Marcy stationery bike,Sports,23.04
SPT6JG2DRH1,Best Pilates Reformer,Sports,74.54
SPT10BWNUIK,10-day yoga for beginner,Sports,131.83
SPTZ1X027SP,ReformerFit Pilates Hoop,Sports,64.20
SPTRPNU2H4E,RitFit Pilates Gym,Sports,39.47
SPTN1P72CPK,Gaiam yoga mat,Sports,35.24
SPTLTDQ95GJ,AeroPilates resistance bands,Sports,67.30
SPTP8LO2TPP,Stamina Trampoline,Sports,37.45
SPT14IVU9AK,Garmin Core Challeng videos,Sports,72.86
SPTYHXJNPY1,RitFit Resistance band sets,Sports,147.96
ATMU89W9OP,Bosch Wiper Blades,Automotive,75.42
ATMY4ARGVTY,BDK PolyPro Car Seat Covers,Automotive,39.31
ATMMHB4W78K,Mobil 1 Synthetic Motor Oil,Automotive,30.20
ATM0L6LFCF8,Chemical Guys Foaming Soap,Automotive,10.06
ATM8VUIX34J,Drive Auto Trunk Storage,Automotive,219.30
ATM6WG4DROB,MOTOPOWER Car Code Scanner,Automotive,154.91
ATM40BJN4IK,Chemical Guys Microfiber Mitt,Automotive,46.18
ATM8FX067SC,Valvoline Full Synthetic Oil,Automotive,14.71
ATMRLNJNHDE,Leather Honey Leather Conditioner,Automotive,37.26
ATMS1J7CCPT,Chevron Techron Oil,Automotive,220.27
ATMLTO315GG,AstroAI Pencil Tire,Automotive,31.51
ATM484O8TPI,VIVOHOME Steel Hydraulic Lift,Automotive,222.34
ATM6JIV49A1,Blackhawk B6350 Fast Lift,Automotive,122.04
ATMYBXANPT9,Chemical Guys Butterwet Wax,Automotive,42.43
ATM9MO00GMB,TorqX Orbital Polisher,Automotive,203.70
ATMK2PHTI4P,WeatherTech Mats,Automotive,236.38
ATMCY4ALY2D,KAFEEK Steering Wheel Cover,Automotive,45.55
ATMKB0LM1KY,NARFIRE Steering Wheel Cover,Automotive,30.63
XTDK8POIPPO,XTool Diagnostic Tool,Automotive,94.99
DEWM1904809,Dewalt Mechanics Tools Kit,Automotive,200.00
DEWBAT89089L,Dewalt Battery Booster,Automotive,1329.88
DEWJKL000POW,Dewalt Power Inverter,Automotive,99.99
DEWSS9882JLKK,Dewalt Socket Set,Automotive,140.50
DEWG1238989833,Dewalt Grease Gun,Automotive,540.45
BSCTK8987JKKJ,Bosch Tools Kit,Automotive,340.33
BSCVS89712222,Bosch Vehicle Scanner,Automotive,250.67
BSCVS89A223,Bosch Trilingual Scan Tool,Automotive,300.90
BSCVS89712S4,Bosch Battery Booster,Automotive,400.00
BSCLT1LKJLKJ,Bosch Leak Tester,Automotive,350.00
BSCVS89712226,Bosch Cable Kit,Automotive,250.00
DORTK89098JKK,Dorman Tools Kit,Automotive,350.89
DORVS890891189,Dorman Vehicle Scanner,Automotive,400.44
DORTS734AKJLK,Dorman Trilingual Scan Tool,Automotive,1329.33
DORLT178AOBL2K,Dorman Leak Tester,Automotive,94.98
DORCK198AJLKJL2,Dorman Cable Kit,Automotive,45.67
DORRMT890988SDF,Dorman Removal Tool,Automotive,65.78
NEIKO908TK8989898,Neiko Tools Kit,Automotive,670.65
NEIVS8982KJKJJKK2,Neiko Vehicle Scanner,Automotive,351.43
NEIBB8987737JVJJJV,Neiko Battery Booster,Automotive,455.30
NEILT78777VJKJKKK,Neiko Leak Tester,Automotive,566.00
NEIVS3481748584745,Neiko Code Reader,Automotive,477.00
NEICK1238479FJJFJF,Neiko Cable Kit,Automotive,356.00
AUT8981899987,Autel Tools Kist,Automotive,462.45
AUt098928FKFJF,Autel Vehicle Scanner,Automotive,670.10
AUTLT89993JKKK,Autel Leak Tester,Automotive,657.89
AUTCS7898777KN,Autel Cable Set,Automotive,750.31
AUTCR120JKJ322,Autel Code Reader,Automotive,900.99
AUTDS8374JKKDKK,Autel Diagnostic Scanner,Automotive,779.00
AUTCS1870FJKDKFJ,Autel Circuit System,Automotive,766.00
AUTPT8938FKDJDK,Autel Programming Tool,Automotive,455.00
ELTU89W9OP,Amazon Echo,Electronics,75.99
ELTY4ARGVTY,Amazon Firefly,Electronics,85.16
ELTMHB4W78K,Google Chrome Stick,Electronics,63.71
ELT0L6LFCF8,Amazon Kindle,Electronics,197.99
ELT8VUIX34J,Samsung A7 Tablet,Electronics,368.66
ELT6WG4DROB,Samsung Galaxy S10,Electronics,704.69
ELT40BJN4IK,Apple iPhone 13 Pro Max,Electronics,944.55
ELT8FX067SC,Apple iPhone 13,Electronics,788.13
ELTRLNJNHDE,Facebook Portal Go,Electronics,524.34
ELTS1J7CCPT,Metaverse Oculus Rift,Electronics,331.46
ELTLTO315GG,Apple iPad Lite,Electronics,603.76
ELT484O8TPI,Roku TV,Electronics,73.64
ELT6JIV49A1,Apple TV,Electronics,122.82
ELTYBXANPT9,Fire HD 10 Plus Tablet,Electronics,196.51
ELT9MO00GMB,Amazon Kindle Paperwhite,Electronics,138.13
ELTTK2PHTI4P,Google Home Hub,Electronics,92.77
ELTCY4ALY2D,JBL Portable Speaker,Electronics,106.93
ELTKB0LM1KY,Bose Portable Speaker,Electronics,115.36
ELTKB2LE1KZ,Megablast Portable Speaker,Electronics,203.94
ELTZLB1LE1K2,Playstation 5,Electronics,599.99
ELTPSB5LE1KL,Xbox Series X,Electronics,499.99
ELFPKB4LE2KL,Nintendo Gamecube,Electronics,120.87
ELTKSS1LE9KL,Playstation 4,Electronics,199.99
ELTPJB5LE4KL,Xbox 360,Electronics,199.99
ELTVSB2LEAKL,Xbox One,Electronics,250.99
ELTPSB5LEKKL,Samsung 57 inch TV,Electronics,899.99
ELTPSY57E1KL,LG 48 inch TV,Electronics,488.99
ELTASG5LE6KL,Vivio 72 inch TV,Electronics,1001.99
ELTU8zW9OE,Samsung 65 inch TV,Electronics,599.25
ELTY4GRTVTY,Playstation DUALSHOCK controller,Electronics,59.99
ELTMH54W7TK,Xbox One Pro Controller,Electronics,59.99
ELTWL6LJHF8,Sonos Beam (Gen 2) ,Electronics,29.99
ELT8JUJX34J,Samsung HW-A450 Wireless 2.1ch Sound bar with Dolby Audio,Electronics,129.99
ELT6WG47VOB,Bose TV Speaker Bluetooth Soundbar,Electronics,99.99
ELT407JNCIK,HDMI Switch 3 Port,Electronics,30.99
ELTWFX06BSP,HDMI Cable 5 ft,Electronics,10.99
ELTZLYJNHDE,HDMI Cable 3 ft,Electronics,6.99
ELTT1J0JCPT,Beats By Dre Wireless Headphones,Electronics,99.99
ELTLTV31P0G,Samsung Bluetooth HeadPhones,Electronics,45.50
ELT4W4HCTPI,Nintendo Switch Pro Controller,Electronics,99.99
ELT6BIVZ9A1,Sony Blu-Ray Disc Player,Electronics,35.99
ELTWBCANGT9,Bose Home Stereo System with Surround Sound,Electronics,229.99
ELT9MZZ0G7B,USB Wall Charger 5 Outlet Extender,Electronics,11.99
ELTZXYJJHXE,BlueParrott B550-XT Voice-Controlled Headset,Electronics,59.99
ELTW100JC0T,Sony Projector 9000 Lumens Wifi Enabled,Electronics,64.99
ELTLTV01PGU,5 Slot Power Strip with USB Port - 5,Electronics,10.99
ELT4W44ZXTPI,18 Slot Power Strip with USB Port - 8,Electronics,15.99
ELT60I0Y9AZ,USB A Phone Charging Cable,Electronics,5.99
ELTW8CHNGTD,USB C Micro USB Cable,Electronics,5.99
ELT9MD10G7Z,Digital Alarm Clock with Live Weather Updates,Electronics,19.45
SHOU89W9OP,Nike Purple Lobsters,Shoes,110.42
SHOY4ARGVTY,Tommy Hilfiger Boots,Shoes,64.93
SHOMHB4W78K,Nike Runners,Shoes,92.79
SHO0L6LFCF8,Nike Skate Shoes,Shoes,78.27
SHO8VUIX34J,Nike Basketball Shoes,Shoes,68.15
SHO6WG4DROB,Nike Football Cleats,Shoes,107.88
SHO40BJN4IK,Adidas Skate Shoes,Shoes,96.11
SHO8FX067SC,Adidas Basketball Shoes,Shoes,67.98
SHORLNJNHDE,Adidas Football Cleats,Shoes,89.35
SHOS1J7CCPT,Adidas Runners,Shoes,59.83
SHOLTO315GG,UGGs,Shoes,66.01
SHO484O8TPI,Birkenstocks,Shoes,101.27
SHO6JIV49A1,Thursdays Black Boots,Shoes,100.52
SHOYBXANPT9,Bruno Marc Suede Leather Shoes,Shoes,68.38
SHO9MO00GMB,Adidas Yeezys,Shoes,159.13
SHOK2PHTI4P,Merrell Boots,Shoes,80.79
SHOLY4ALY2D,HokaOne Running Shoes,Shoes,74.63
SHOKB0LM1KY,Toms Slides,Shoes,95.80
SHOZ89U1OK,Vans Black Skate Shoes,Shoes,62.18
SHOY5AYGKT1,Vans White Skate Shoes,Shoes,56.91
SHOMJB2WDEK,Converse High-Tops,Shoes,87.44
SHO7L6LECH1,Converse Low-Tops,Shoes,66.78
SHOZVXIX342,Yellow Crocs,Shoes,62.67
SHOFWZ4DR4J,Blue Crocs,Shoes,51.18
SHOS02JNMIZ,Green Crocs,Shoes,55.40
SHO8FX027XC,New Balance Running Shoes,Shoes,64.44
SHOTLEJNLDK,New Balance Daily Life Shoes,Shoes,50.18
SHOS1J76C9J,Reebok Running Shoes,Shoes,69.64
SHOLT234XGU,Reebok Skate Shoes,Shoes,94.53
SHO1QDO6THI,Timberland Boots,Shoes,183.31
SHO6JIVL991,Air Jordan 1s,Shoes,112.86
SHOYBRALPN9,Air Jordan 11s,Shoes,145.17
SHO2MV0PGMP,Air Jordan 4s,Shoes,130.69
SHOL2AHNI1X,Dr. Scholl's Sneakers,Shoes,93.38
SHOYYUALY4D,Sketcher Light-up Shoes,Shoes,90.89
SHOKZ0LY6KD,Sketcher Heelys,Shoes,43.50
SHO2K9WLOW,Sketcher Memory Foam Sneakers,Shoes,57.65
SHOP2ARAVDY,Steve Madden Wedgie Sneaker,Shoes,31.64
SHOHA4X98K,Sperry Crest Vibe Platforms,Shoes,75.08
SHOILPL6CF2,Steve Madden Maxima Sneaker,Shoes,97.07
SHOPU2XS4G,Rocket Dog Sneakers,Shoes,82.12
SHOW24DRJB,Tommy Hilfiger Sneakers,Shoes,122.63
SHO42BJNLIK,Guess Sneakers,Shoes,45.19
SHO8XX017SD,Vionic Slip-on Shoes,Shoes,77.99
SHODLN1N2D3,Mishansha Foot Sock,Shoes,136.37
SHOSJX72CPT,DKNY Slip-on Shoes,Shoes,34.09
SHOL2OL15GK,Nike Soccer Cleats,Shoes,159.22
SHO182OKTMI,Adidas Soccer Cleats,Shoes,126.02
SHO1J2V4PAO,Lacoste Carnaby Sneaker,Shoes,86.19
SHOPIZ2N5T1,Cole Haan Sneakers,Shoes,122.06
BOKY4ARGVTY,Of Mice and Men,Books,20.60
BOKMHB4W78K,The Very Hungry Caterpillar,Books,20.21
BOK0L6LFCF8,Moby Dick,Books,21.48
BOK8VUIX34J,War and Peace,Books,16.39
BOK6WG4DROB,Ulysses,Books,23.46
BOK40BJN4IK,Don Quixote,Books,13.88
BOK8FX067SC,Project Hail Mary,Books,20.90
BOKRLNJNHDE,Enders Game,Books,16.76
BOKS1J7CCPT,The Four Winds,Books,24.84
BOKLTO315GG,The Push,Books,12.16
BOK484O8TPI,To Kill a Mockingbird,Books,10.43
BOK6JIV49A1,Duma Key,Books,21.68
BOKYBXANPT9,The Giver,Books,22.97
BOK9MO00GMB,Deep Sleep,Books,11.91
BOKK2PHTI4P,Assassins Apprentice,Books,17.10
BOKCY4ALY2D,The Judges List,Books,17.68
BOKKB0LM1KY,The Midnight Library,Books,19.10
BOKPZQG4AIF,Verity,Books,9.17
BOKKD5UVHUI,Farenheit 451,Books,23.11
BOKUNJO79P8,50 Shades of Grey,Books,16.34
BOKRN728DOQ,Twilight Book Series,Books,22.95
BOKYLW9K95G,Cleopatra's Dagger,Books,16.64
BOK7WCEJM30,The Reunion,Books,18.78
BOKA80MKRG5,Hamlet,Books,7.60
BOKGBDKJ8BS,Left Behind,Books,16.11
BOKH784LJXA,Camino Island,Books,11.24
BOKCD0LA16S,Percy Jackson: The Lightning Thief,Books,21.08
BOKU6OWMKTP,The Rackateer,Books,19.98
BOKWVSQ7SCP,The Great Gatsby,Books,18.45
BOKLLKLS4LK,Too Like the Lightning,Books,19.25
BOKHOB123KS,The Hobbit,Books,15.99
BOKANN198JLL,Annabell,Books,16.25
BOKAGM398KJA,Angelmaker,Books,17.99
BOK1Q84JAPANA,1Q84,Books,14.60
BOK7HUSEH382A,Seven Husbands of Evelyn Hugo,Books,21.99
BOKAMER123987A,Americanah,Books,17.45
BOKVAN873JLKJ,Vanity,Books,15.65
BOKIEWU123JLK,It Ends With Us,Books,17.85
BOKANN1874ANH,Annihilation,Books,19.99
BOKASH37495894,Ash,Books,14.99
BOKFP347DKDJ38,The Fine Print,Books,12.99
BOKAWAY8394JAS,Away,Books,19.99
BOKBATTLE381BOR,Battleborn,Books,17.99
BOKBELOV3817VS3,Beloved,Books,16.25
BOKBONSAI382710V,Bonsai,Books,14.88
BOKBRUJA3727JKJK,Bruja,Books,19.99
BOKCALF2837DKDK,Calf,Books,25.99
BOKCELINE129384JF,Celine,Books,18.99
BOKCHR83928VKDK,Chrirstodora,Books,9.99
BOKKOTF93827FJWJ,Kingdom of the Feared,Books,19.99
